PRAGMA foreign_keys=OFF;
BEGIN TRANSACTION;
CREATE TABLE android_metadata (locale TEXT);
INSERT INTO android_metadata VALUES('en_US');
CREATE TABLE `Libro` (`id` INTEGER PRIMARY KEY AUTOINCREMENT NOT NULL, `titulo` TEXT NOT NULL, `imagen` TEXT NOT NULL, `precio` REAL NOT NULL, `descripcion` TEXT NOT NULL, `pedidosLibroId` INTEGER NOT NULL, `comentarioId` INTEGER NOT NULL);
INSERT INTO Libro VALUES(1,'El Principito y el zorro','',12.0,'Un clásico de la literatura infantil',0,0);
INSERT INTO Libro VALUES(2,'El Principito','',12.0,'Un clásico de la literatura infantil',0,0);
CREATE TABLE `Comentario` (`id` INTEGER PRIMARY KEY AUTOINCREMENT NOT NULL, `usuarioId` INTEGER NOT NULL, `libroId` INTEGER NOT NULL, `comentario` TEXT NOT NULL, `fechaCreacion` INTEGER NOT NULL, `nombreUsuario` TEXT NOT NULL);
CREATE TABLE `Pedidos` (`id` INTEGER PRIMARY KEY AUTOINCREMENT NOT NULL, `fecha_Pedido` INTEGER NOT NULL, `precio` REAL NOT NULL, `fecha_Entrega` INTEGER NOT NULL, `pedidoLibroId` INTEGER NOT NULL);
CREATE TABLE `PedidosLibros` (`id` INTEGER PRIMARY KEY AUTOINCREMENT NOT NULL, `pedidoId` INTEGER NOT NULL, `libroId` INTEGER NOT NULL);
CREATE TABLE `Usuario` (`id` INTEGER PRIMARY KEY AUTOINCREMENT NOT NULL, `nombre` TEXT NOT NULL, `password` TEXT NOT NULL, `email` TEXT NOT NULL, `admin` INTEGER NOT NULL, `numeroCuenta` INTEGER NOT NULL, `fecha_Caducidad` INTEGER NOT NULL, `cvv` INTEGER NOT NULL, `pedidoId` INTEGER NOT NULL, `comentarioId` INTEGER NOT NULL);
CREATE TABLE room_master_table (id INTEGER PRIMARY KEY,identity_hash TEXT);
INSERT INTO Comentario VALUES(1,0,1,'no estuvo mal pero pudo ser mejor',1736870267499,'Manolo');
INSERT INTO Comentario VALUES(2,0,2,'no estuvo mal pero pudo ser mejor',1736870347270,'Manolo');
INSERT INTO Comentario VALUES(3,0,1,'no estuvo mal pero pudo ser mejor',1736870576733,'Manolo');
INSERT INTO Comentario VALUES(4,0,2,'no estuvo mal pero pudo ser mejor',1736871189964,'Manolo');
INSERT INTO Comentario VALUES(5,0,2,'no estuvo mal pero pudo ser mejor',1736871223279,'Manolo');
INSERT INTO Comentario VALUES(6,0,2,'no estuvo mal pero pudo ser mejor',1736871369749,'Manolo');
INSERT INTO Comentario VALUES(7,0,2,'no estuvo mal pero pudo ser mejor',1736871421362,'Manolo');
INSERT INTO Comentario VALUES(8,0,2,'no estuvo mal pero pudo ser mejor',1736871689263,'Manolo');
INSERT INTO Comentario VALUES(9,0,1,'no estuvo mal pero pudo ser mejor',1736872064669,'Manolito huevos fritos');
INSERT INTO Comentario VALUES(10,0,2,'no estuvo mal pero pudo ser mejor',1736872190566,'Manolo');
INSERT INTO Comentario VALUES(11,0,2,'no estuvo mal pero pudo ser mejor',1736872441309,'Manolo');
INSERT INTO Comentario VALUES(12,0,2,'no estuvo mal pero pudo ser mejor',1736872505458,'Manolo');
INSERT INTO Comentario VALUES(13,0,2,'no estuvo mal pero pudo ser mejor',1736872525715,'Manolo');
INSERT INTO Comentario VALUES(14,0,2,'no estuvo mal pero pudo ser mejor',1736872755811,'Manolo');
INSERT INTO Comentario VALUES(15,0,2,'no estuvo mal pero pudo ser mejor',1736872863233,'Manolo');
INSERT INTO Comentario VALUES(16,0,0,'no estuvo mal pero pudo ser mejor',1736951537158,'Manolo');
INSERT INTO Comentario VALUES(17,0,1,'no estuvo mal pero pudo ser mejor',1736952082298,'Manolo');
INSERT INTO Comentario VALUES(18,0,1,'no estuvo mal pero pudo ser mejor',1736955244572,'Manolo');

INSERT INTO room_master_table VALUES(42,'73a080bb563431e49024e8601e404d6a');
DELETE FROM sqlite_sequence;
INSERT INTO sqlite_sequence VALUES('Libro',2);
INSERT INTO sqlite_sequence VALUES('Comentario',18);
COMMIT;